id;orchestrator_process_instance_id
a2e8b997-2814-4140-8781-c1669002d65c;Program
fd965d7b-1749-4da7-8343-00643e6176c2;Ergonomic benchmark
d3d4c551-817c-47aa-b606-83852c4d54c0;cutting-edge
c99d74fd-ef0a-4051-adaa-314705f54706;Up-sized Kansas Triple-buffered
80be2b8b-3f03-4a7d-a599-24857a1135b2;Ergonomic
0a062342-1602-476b-a1a7-bd6ba8023ff1;Pound dot-com
f34eb868-d074-48bb-9f1c-ada6256bfbb7;Borders bypassing Plastic
42b6f494-431d-40a0-9f2f-8a18f94cb60a;purple
3103402a-9716-4299-9df2-4d0a6bd1b470;Architect Account
fccb5627-c3b5-4f3a-b795-e53ce378404a;Representative COM Kenya
