id;label;script;form
Via collaborative Manager;intranet Hat Computer;back-end Music turquoise;../fake-data/blob/hipster.txt
Customer bus;back-end teal;bypass;../fake-data/blob/hipster.txt
Hong portals Garden;cyan Human RAM;Ball capability Concrete;../fake-data/blob/hipster.txt
payment;Harbors magenta Usability;Director copy Strategist;../fake-data/blob/hipster.txt
Mouse;granular SAS;haptic Islands Regional;../fake-data/blob/hipster.txt
synthesizing Program transmitter;back-end;SMS Skyway;../fake-data/blob/hipster.txt
action-items mobile;vortals Sleek;Persistent red;../fake-data/blob/hipster.txt
Gorgeous;Circles;Card ROI Practical;../fake-data/blob/hipster.txt
incubate Paradigm payment;Consultant;Borders integrated;../fake-data/blob/hipster.txt
purple Internal envisioneer;Diverse asymmetric;Gorgeous Ball;../fake-data/blob/hipster.txt
