id;title;content
1;HTTP;../fake-data/blob/hipster.txt
2;white National;../fake-data/blob/hipster.txt
3;Practical orchid Fundamental;../fake-data/blob/hipster.txt
4;wireless program Savings;../fake-data/blob/hipster.txt
5;transmitter Terrace;../fake-data/blob/hipster.txt
6;Utah Frozen integrated;../fake-data/blob/hipster.txt
7;Belgium up;../fake-data/blob/hipster.txt
8;implement tertiary Handmade;../fake-data/blob/hipster.txt
9;AGP generating help-desk;../fake-data/blob/hipster.txt
10;stable;../fake-data/blob/hipster.txt
