execution_id;input;output
drive reboot sticky;../fake-data/blob/hipster.txt;../fake-data/blob/hipster.txt
navigate solid;../fake-data/blob/hipster.txt;../fake-data/blob/hipster.txt
reboot;../fake-data/blob/hipster.txt;../fake-data/blob/hipster.txt
Accounts Cove;../fake-data/blob/hipster.txt;../fake-data/blob/hipster.txt
blue maximize Rufiyaa;../fake-data/blob/hipster.txt;../fake-data/blob/hipster.txt
withdrawal PCI full-range;../fake-data/blob/hipster.txt;../fake-data/blob/hipster.txt
Kiribati matrix;../fake-data/blob/hipster.txt;../fake-data/blob/hipster.txt
SCSI;../fake-data/blob/hipster.txt;../fake-data/blob/hipster.txt
Avon pink Frozen;../fake-data/blob/hipster.txt;../fake-data/blob/hipster.txt
sensor Optimization;../fake-data/blob/hipster.txt;../fake-data/blob/hipster.txt
