id;created;log;step
1;2021-03-26T06:10:57;../fake-data/blob/hipster.txt;payment Metal
2;2021-03-26T00:19:31;../fake-data/blob/hipster.txt;plum
3;2021-03-26T00:02:51;../fake-data/blob/hipster.txt;models Producer
4;2021-03-26T12:33:54;../fake-data/blob/hipster.txt;deposit Soft Granite
5;2021-03-26T08:30:37;../fake-data/blob/hipster.txt;foreground Louisiana Virgin
6;2021-03-25T23:00:19;../fake-data/blob/hipster.txt;input Buckinghamshire Interactions
7;2021-03-26T07:07:11;../fake-data/blob/hipster.txt;Home Kids
8;2021-03-26T03:21:59;../fake-data/blob/hipster.txt;responsive
9;2021-03-26T10:42:45;../fake-data/blob/hipster.txt;Ergonomic parsing initiative
10;2021-03-25T23:23:42;../fake-data/blob/hipster.txt;Steel Books
