id;external_id;status;created;updated;input;output;process_id;bot_id
1;Sausages Rwanda;Investment Account Hat;2021-03-26T15:35:57;2021-03-26T10:44:59;../fake-data/blob/hipster.txt;../fake-data/blob/hipster.txt;1;1
2;Assimilated;Mills;2021-03-26T15:52:23;2021-03-25T23:01:38;../fake-data/blob/hipster.txt;../fake-data/blob/hipster.txt;2;2
3;strategize;Small Wooden Pizza facilitate;2021-03-25T23:15:24;2021-03-26T15:27:07;../fake-data/blob/hipster.txt;../fake-data/blob/hipster.txt;3;3
4;Practical Frozen Pizza Maryland software;bypass e-tailers;2021-03-26T03:39:53;2021-03-25T22:11:00;../fake-data/blob/hipster.txt;../fake-data/blob/hipster.txt;4;4
5;Avenue black Automated;ROI;2021-03-26T13:15:53;2021-03-25T20:28:58;../fake-data/blob/hipster.txt;../fake-data/blob/hipster.txt;5;5
6;Granite unleash;transform;2021-03-26T15:45:30;2021-03-25T21:04:59;../fake-data/blob/hipster.txt;../fake-data/blob/hipster.txt;6;6
7;deposit overriding;Robust firmware Sleek;2021-03-26T15:09:02;2021-03-26T06:33:21;../fake-data/blob/hipster.txt;../fake-data/blob/hipster.txt;7;7
8;Points Sri Lanka Rupee paradigms;Bedfordshire Bedfordshire;2021-03-26T14:31:28;2021-03-25T23:54:04;../fake-data/blob/hipster.txt;../fake-data/blob/hipster.txt;8;8
9;copying;auxiliary;2021-03-26T14:48:56;2021-03-26T09:37:33;../fake-data/blob/hipster.txt;../fake-data/blob/hipster.txt;9;9
10;Soft New Mexico indexing;Facilitator;2021-03-25T20:38:59;2021-03-25T19:00:06;../fake-data/blob/hipster.txt;../fake-data/blob/hipster.txt;10;10
