id;created;log
1;2021-03-26T06:10:57;../fake-data/blob/hipster.txt
2;2021-03-26T07:24:39;../fake-data/blob/hipster.txt
3;2021-03-26T02:02:37;../fake-data/blob/hipster.txt
4;2021-03-26T04:09:42;../fake-data/blob/hipster.txt
5;2021-03-26T00:02:33;../fake-data/blob/hipster.txt
6;2021-03-26T16:20:58;../fake-data/blob/hipster.txt
7;2021-03-26T13:06:07;../fake-data/blob/hipster.txt
8;2021-03-26T01:40:14;../fake-data/blob/hipster.txt
9;2021-03-26T03:42:31;../fake-data/blob/hipster.txt
10;2021-03-26T09:06:10;../fake-data/blob/hipster.txt
